Model,Accuracy,AUC,Precision,Recall,F1 Score,MCC
Logistic Regression,0.9157562515173586,0.9423296794660124,0.7052631578947368,0.4331896551724138,0.5367156208277704,0.511043334978554
Decision Tree,0.894027676620539,0.7427219444313411,0.5286160249739854,0.5474137931034483,0.5378507146638433,0.4781166121638784
KNN,0.9009468317552805,0.8346233165479504,0.6052631578947368,0.34698275862068967,0.4410958904109589,0.40939032770888173
Naive Bayes,0.747632920611799,0.8546675992971366,0.28661475713756024,0.8329741379310345,0.42648275862068963,0.3838840136099093
Random Forest,0.9127215343529983,0.9469441365158733,0.7801608579088471,0.3135775862068966,0.44734819369715606,0.4597834587499605
XGBoost,0.9176984705025492,0.948689796688523,0.6554726368159204,0.5678879310344828,0.6085450346420324,0.5646311663484771
